{
    "accuracy": 0.9882756403386561,
    "precision": 0.9549444119368051,
    "recall": 0.8925348646431501,
    "f1_score": 0.9226855123674912,
    "inference_time": 9.406125247829814e-07
}