{
    "accuracy": 0.9893259029042974,
    "precision": 0.9555811941159504,
    "recall": 0.9059338255400602,
    "f1_score": 0.9300954519932623,
    "inference_time": 7.383796054953331e-07
}